Connector,Pin,Net,Channel,Function
J1,1,CH1_HI,CH1,HI
J1,2,CH1_LO,CH1,LO
J1,3,CH2_HI,CH2,HI
J1,4,CH2_LO,CH2,LO
J1,5,CH3_HI,CH3,HI
J1,6,CH3_LO,CH3,LO
J1,7,CH4_HI,CH4,HI
J1,8,CH4_LO,CH4,LO
J2,1,CH5_HI,CH5,HI
J2,2,CH5_LO,CH5,LO
J2,3,CH6_HI,CH6,HI
J2,4,CH6_LO,CH6,LO
J2,5,CH7_HI,CH7,HI
J2,6,CH7_LO,CH7,LO
J2,7,CH8_HI,CH8,HI
J2,8,CH8_LO,CH8,LO
J3,1,CH9_HI,CH9,HI
J3,2,CH9_LO,CH9,LO
J3,3,CH10_HI,CH10,HI
J3,4,CH10_LO,CH10,LO
J3,5,CH11_HI,CH11,HI
J3,6,CH11_LO,CH11,LO
J3,7,CH12_HI,CH12,HI
J3,8,CH12_LO,CH12,LO
J4,1,CH13_HI,CH13,CURRENT HI
J4,2,CH13_LO,CH13,CURRENT LO
J4,3,CH14_HI,CH14,CURRENT HI
J4,4,CH14_LO,CH14,CURRENT LO
J4,5,CH15_HI,CH15,CURRENT HI
J4,6,CH15_LO,CH15,CURRENT LO
J4,7,CH16_HI,CH16,CURRENT HI
J4,8,CH16_LO,CH16,CURRENT LO
